Step,TimeStamp,AvgEnergy,NoBoids,NoFoodSources,TotalFoodAvailable,Polarization,Expanse
0,0.0009993,384.0014,25,1,450.0359,0.4580595,0.7428842
1,29.99951,384.0545,25,1,450.8535,0.4746458,0.6296127
2,59.99953,384.108,25,1,451.6587,0.4841177,0.7153015
3,89.99953,384.1613,25,1,452.4706,0.4666346,0.9035361
4,119.9995,384.2142,25,1,453.2919,0.4263128,0.4491228
5,149.9995,384.2678,25,1,454.0966,0.4902756,1.245167
6,179.9986,384.3213,25,1,454.903,0.4990632,0.9033347
7,209.9986,384.3751,25,1,455.7034,0.4581674,1.043696
8,239.9986,384.4284,25,1,456.5146,0.4527607,0.9034637
9,269.9986,384.4818,25,1,457.324,0.4788411,1.193806
10,299.9995,384.5348,25,1,458.1437,0.473191,0.7370291
11,329.9986,384.5877,25,1,458.9634,0.4804753,0.8563914
12,359.9986,384.6411,25,1,459.7726,0.4456115,0.7759718
13,389.9995,384.6951,25,1,460.5678,0.4681826,1.081322
14,419.9995,384.7483,25,1,461.3813,0.4877187,0.6385838
15,449.9966,384.8022,25,1,462.1759,0.4595486,0.6265517
16,479.9995,384.8559,25,1,462.9791,0.4709662,0.8771887
17,509.9966,384.9094,25,1,463.7856,0.4869224,1.127832
18,539.9985,384.9629,25,1,464.5933,0.4633947,0.6938123
19,569.9985,385.0155,25,1,465.4214,0.4753988,0.9840962
20,599.9985,385.069,25,1,466.2295,0.4767713,0.9320973
21,629.9985,385.1225,25,1,467.0351,0.4828692,0.9323195
22,659.9966,385.1758,25,1,467.8441,0.4972081,0.9021761
23,689.9996,385.2296,25,1,468.6444,0.4740265,0.9210938
24,719.9966,385.2837,25,1,469.4372,0.4668027,0.7385361
25,749.9996,385.3367,25,1,470.2576,0.4724061,1.097296
26,779.9996,385.39,25,1,471.067,0.4367818,0.7728568
27,809.9985,385.4429,25,1,471.889,0.4529423,0.8713629
28,839.9996,385.4961,25,1,472.7042,0.4940169,1.099741
29,869.9996,385.5497,25,1,473.5071,0.4915718,0.8719592
30,899.9967,385.6026,25,1,474.3277,0.4822224,0.83033
31,929.9967,385.6558,25,1,475.1418,0.4745807,0.5489134
32,959.9987,385.709,25,1,475.9566,0.4631797,0.9228959
33,989.9967,385.7626,25,1,476.7603,0.4957774,0.9032609
34,1019.999,385.8162,25,1,477.5671,0.4889456,0.746076
35,1049.997,385.8696,25,1,478.373,0.4659835,1.035366
36,1079.999,385.9235,25,1,479.1714,0.4782943,0.8105505
37,1109.997,385.977,25,1,479.9781,0.4908842,0.8397775
38,1139.999,386.0305,25,1,480.7838,0.4770991,1.039077
39,1169.997,386.0836,25,1,481.6012,0.4865739,0.7835945
40,1200,386.1374,25,1,482.4011,0.4876496,0.8359717
41,1230,386.1909,25,1,483.2074,0.4993321,1.082954
42,1259.997,386.2444,25,1,484.0112,0.495856,0.749244
43,1289.999,386.2974,25,1,484.8325,0.4883878,0.9149224
44,1319.999,386.3506,25,1,485.6464,0.4862702,0.8171597
45,1349.999,386.4037,25,1,486.4626,0.4784659,0.7627378
46,1379.997,386.4572,25,1,487.2683,0.4957685,0.6591064
47,1409.997,386.5104,25,1,488.0833,0.4963612,0.8720965
48,1439.997,386.5634,25,1,488.9012,0.4668137,0.7733451
49,1469.997,386.6172,25,1,489.7018,0.4554456,0.9492274
50,1499.997,386.6703,25,1,490.5162,0.4982225,1.222303
51,1529.997,386.7238,25,1,491.3235,0.4773116,1.112027
52,1559.997,386.7778,25,1,492.119,0.4744868,0.7881955
53,1589.997,386.8313,25,1,492.9262,0.4989375,0.9679789
54,1619.997,386.8843,25,1,493.7449,0.4977253,0.8288599
55,1649.997,386.9373,25,1,494.5645,0.4798758,0.9796885
56,1679.997,386.9907,25,1,495.3733,0.4970843,0.7708282
57,1709.997,387.044,25,1,496.1843,0.4935726,0.6315463
58,1739.997,387.0977,25,1,496.9856,0.4681484,0.7813685
59,1769.997,387.1508,25,1,497.8013,0.4743316,0.903359
60,1799.997,387.2042,25,1,498.6121,0.4545782,0.7147017
61,1829.997,387.258,25,1,499.4098,0.4745697,0.6562017
62,1859.997,387.3118,25,1,500.2085,0.4737659,0.8317714
63,1889.997,387.3651,25,1,501.0198,0.4932201,0.7070003
64,1919.997,387.4183,25,1,501.8349,0.4493494,0.9605843
65,1949.997,387.4717,25,1,502.6432,0.4883781,1.282963
66,1979.997,387.5254,25,1,503.4461,0.4795628,1.002647
67,2009.997,387.5795,25,1,504.2383,0.4458902,1.204369
68,2039.997,387.633,25,1,505.0431,0.4929966,1.174919
69,2069.997,387.686,25,1,505.8619,0.4437782,1.017299
70,2099.997,387.7392,25,1,506.6768,0.4952507,1.232708
71,2129.997,387.7926,25,1,507.486,0.4411538,0.9242447
72,2159.997,387.8465,25,1,508.2839,0.4577371,0.7874944
73,2189.997,387.8999,25,1,509.0922,0.4813181,1.047844
74,2219.997,387.9536,25,1,509.8936,0.4557309,0.6336898
75,2249.997,388.007,25,1,510.7036,0.4756349,0.5875104
76,2279.997,388.061,25,1,511.4964,0.469735,1.016139
77,2309.997,388.115,25,1,512.2922,0.4846857,0.8638805
78,2339.997,388.1683,25,1,513.1025,0.4612795,0.8696973
79,2369.997,388.2214,25,1,513.9185,0.4987246,0.7590708
80,2399.997,388.2754,25,1,514.713,0.4876714,0.943269
81,2429.997,388.3285,25,1,515.5295,0.4488597,0.9608432
82,2459.997,388.3821,25,1,516.3345,0.4756742,0.9059686
83,2489.997,388.4349,25,1,517.1575,0.4949526,1.064155
84,2519.997,388.4883,25,1,517.9661,0.4877182,1.104597
85,2549.997,388.542,25,1,518.7698,0.4769469,0.7242174
86,2579.997,388.5949,25,1,519.5904,0.4772599,1.202599
87,2609.997,388.6479,25,1,520.4106,0.4974453,0.9465427
88,2639.997,388.701,25,1,521.2268,0.4470639,0.8448601
89,2669.997,388.7541,25,1,522.0435,0.4875878,1.311481
90,2699.997,388.8076,25,1,522.8491,0.4833289,1.113342
91,2729.997,388.8607,25,1,523.6668,0.459795,0.8213086
92,2759.997,388.9138,25,1,524.4837,0.4870984,0.8221275
93,2789.997,388.9676,25,1,525.2806,0.485535,0.9619315
94,2819.997,389.0209,25,1,526.0927,0.4835897,1.067708
95,2849.997,389.074,25,1,526.9085,0.4987667,0.9730521
96,2879.997,389.1279,25,1,527.7052,0.4394069,0.9298732
97,2909.997,389.1809,25,1,528.5244,0.470798,0.9408858
98,2939.997,389.2346,25,1,529.3256,0.4845263,0.9149901
99,2969.997,389.2885,25,1,530.1246,0.4893799,0.9751524
100,2999.997,389.3421,25,1,530.9279,0.498943,0.7361361
101,3029.997,389.3951,25,1,531.7479,0.4828662,0.9541805
102,3059.997,389.4493,25,1,532.5353,0.4496049,1.182207
103,3089.997,389.5028,25,1,533.343,0.4489833,0.9076042
104,3119.997,389.557,25,1,534.1309,0.4917881,1.046473
105,3149.997,389.6103,25,1,534.9432,0.4492654,0.5529463
106,3179.997,389.6633,25,1,535.7629,0.4704402,0.5043612
107,3209.997,389.7171,25,1,536.562,0.4659935,0.8526452
108,3239.997,389.7707,25,1,537.3666,0.4821725,0.9848316
109,3269.997,389.8239,25,1,538.1796,0.4755141,0.6238593
110,3299.997,389.8772,25,1,538.9915,0.4970555,0.9703985
111,3329.997,389.9307,25,1,539.7989,0.4217409,0.8306782
112,3359.997,389.9845,25,1,540.5958,0.4614443,0.9274799
113,3389.997,390.0374,25,1,541.4171,0.4437844,0.6430901
114,3419.997,390.0913,25,1,542.2158,0.4670181,1.036989
115,3449.997,390.1453,25,1,543.0099,0.4742605,1.010265
116,3479.997,390.1989,25,1,543.8117,0.4468065,0.9192191
117,3509.997,390.2523,25,1,544.6219,0.4767483,0.9006579
118,3539.997,390.3062,25,1,545.4184,0.4903389,1.115264
119,3569.997,390.3593,25,1,546.2354,0.4843628,1.064549
120,3599.997,390.4125,25,1,547.049,0.4721121,0.6268311
121,3629.997,390.4654,25,1,547.8716,0.4949545,0.5137299
122,3659.997,390.519,25,1,548.6754,0.4867021,1.100513
123,3689.997,390.5723,25,1,549.486,0.4316824,0.5971475
124,3719.997,390.6258,25,1,550.2945,0.4868866,0.9635171
125,3749.997,390.6791,25,1,551.1058,0.4813295,0.7468344
126,3779.997,390.7326,25,1,551.9118,0.4379506,0.4367065
127,3809.997,390.7854,25,1,552.7356,0.4873183,0.8880408
128,3839.997,390.8388,25,1,553.5453,0.4912579,0.753658
129,3869.997,390.8925,25,1,554.3476,0.4616958,0.7658367
130,3899.997,390.9461,25,1,555.1497,0.4582094,0.7348258
131,3929.997,390.9993,25,1,555.9642,0.474277,0.913784
132,3959.997,391.0524,25,1,556.782,0.454641,0.455486
133,3989.997,391.1054,25,1,557.6006,0.4905585,0.7910996
134,4019.997,391.1588,25,1,558.4103,0.4849126,0.9885964
135,4049.997,391.2126,25,1,559.2086,0.458658,0.8520739
136,4079.997,391.2658,25,1,560.0214,0.4692188,0.8052732
137,4109.997,391.3194,25,1,560.8259,0.4748718,1.039203
138,4139.997,391.3733,25,1,561.6232,0.4586408,0.9242131
139,4169.997,391.4264,25,1,562.44,0.4605683,0.9323891
140,4199.997,391.4801,25,1,563.2411,0.4990407,1.056547
141,4229.997,391.5334,25,1,564.0535,0.4871807,0.6412883
142,4259.997,391.5867,25,1,564.8642,0.4909429,1.047983
143,4289.997,391.64,25,1,565.6749,0.4708356,0.8116302
144,4319.997,391.6932,25,1,566.4908,0.4965338,0.9147826
145,4349.997,391.747,25,1,567.289,0.4988385,0.7592136
146,4379.997,391.8,25,1,568.1093,0.4896318,0.8192659
147,4409.997,391.8531,25,1,568.9253,0.4852337,0.7409869
148,4439.997,391.9067,25,1,569.7284,0.4838834,0.8047359
149,4469.997,391.9604,25,1,570.5319,0.4466974,0.7747129
150,4499.997,392.014,25,1,571.3358,0.4779355,0.8710818
151,4529.997,392.0675,25,1,572.1412,0.4875186,1.108729
152,4559.997,392.121,25,1,572.9475,0.4419048,1.076607
153,4589.997,392.174,25,1,573.7666,0.3986142,0.8923579
154,4619.997,392.2275,25,1,574.5746,0.4643377,0.90715
155,4649.997,392.2805,25,1,575.3942,0.4955296,1.245253
156,4679.997,392.3337,25,1,576.2059,0.49992,0.6270868
157,4709.997,392.3869,25,1,577.0212,0.4452203,1.072285
158,4739.997,392.4404,25,1,577.8288,0.4637843,0.7419339
159,4769.997,392.4934,25,1,578.6464,0.4729857,0.9102212
160,4799.997,392.5472,25,1,579.4452,0.4912811,0.766571
161,4829.997,392.6005,25,1,580.2587,0.463249,0.8221694
162,4859.997,392.6541,25,1,581.0609,0.441543,0.9422292
163,4889.997,392.7075,25,1,581.8714,0.4895907,0.704221
164,4919.997,392.7607,25,1,582.6855,0.4724433,0.9808903
165,4949.997,392.8136,25,1,583.5074,0.4692359,1.223308
166,4979.997,392.8662,25,1,584.3345,0.4731249,0.6133587
167,5009.997,392.919,25,1,585.1591,0.4570462,0.8145258
168,5039.997,392.9726,25,1,585.9649,0.4642618,0.9040909
169,5069.997,393.0262,25,1,586.7684,0.4723586,0.8950169
170,5099.997,393.0798,25,1,587.5723,0.4848863,0.6303671
171,5129.997,393.1335,25,1,588.3734,0.4570858,0.9650128
172,5159.997,393.187,25,1,589.1802,0.4846868,0.8929163
173,5189.997,393.2399,25,1,590.0017,0.477717,1.192966
174,5219.997,393.2933,25,1,590.8102,0.4859152,0.8550763
175,5249.997,393.3467,25,1,591.6196,0.4733757,0.7395262
176,5279.997,393.4006,25,1,592.416,0.4903974,0.9643884
177,5309.997,393.4539,25,1,593.2289,0.4760759,0.9776666
178,5339.997,393.5072,25,1,594.039,0.4816652,0.5708165
179,5369.997,393.5606,25,1,594.849,0.4811111,0.9362792
180,5399.997,393.6143,25,1,595.6516,0.4301265,0.9971435
181,5429.997,393.6679,25,1,596.4535,0.4795595,0.9299332
182,5459.997,393.7216,25,1,597.2575,0.4968853,0.9105669
183,5489.997,393.7755,25,1,598.0533,0.4882897,1.229145
184,5519.997,393.8284,25,1,598.8735,0.4784366,0.8133988
185,5549.997,393.8819,25,1,599.6813,0.4943593,0.6313421
186,5579.997,393.9356,25,1,600.4818,0.4692582,0.7556378
187,5609.997,393.9899,25,1,601.268,0.4619256,0.6524636
188,5639.997,394.0435,25,1,602.0721,0.4801556,0.9330828
189,5669.997,394.0974,25,1,602.8699,0.4405405,0.8610767
190,5699.997,394.1505,25,1,603.686,0.4597426,1.113936
191,5729.997,394.204,25,1,604.4929,0.432734,0.4856142
192,5759.997,394.2579,25,1,605.2903,0.4935018,0.8241383
193,5789.997,394.3117,25,1,606.0884,0.4798656,0.863296
194,5819.997,394.3653,25,1,606.8929,0.4561228,0.939993
195,5849.997,394.4189,25,1,607.6974,0.4954039,0.9650844
196,5879.997,394.4724,25,1,608.5034,0.4730207,0.8521416
197,5909.997,394.5257,25,1,609.3151,0.4609978,0.4260747
198,5939.997,394.5793,25,1,610.1189,0.4873589,1.097589
199,5969.997,394.6327,25,1,610.9292,0.4899189,0.8385369
200,5999.997,394.686,25,1,611.7392,0.4348871,0.7521821
201,6029.997,394.7393,25,1,612.5522,0.4658897,1.156492
202,6059.997,394.7934,25,1,613.3428,0.480594,0.8218977
203,6089.997,394.847,25,1,614.1482,0.4818619,0.7330412
204,6119.997,394.9002,25,1,614.9614,0.4782253,1.083524
205,6149.997,394.9541,25,1,615.758,0.4769202,0.7147402
206,6179.997,395.0076,25,1,616.5653,0.4902058,0.7787724
207,6209.997,395.0608,25,1,617.3782,0.4798549,0.5945877
208,6239.997,395.1137,25,1,618.1993,0.4843398,0.8361416
209,6269.997,395.1675,25,1,618.998,0.4836096,0.91555
210,6299.997,395.2214,25,1,619.7961,0.4329257,0.8996991
211,6329.997,395.2748,25,1,620.6052,0.4986562,0.8183562
212,6359.997,395.328,25,1,621.4186,0.4527183,0.6572765
213,6389.997,395.3815,25,1,622.2245,0.47493,1.079971
214,6419.997,395.4346,25,1,623.0417,0.4708539,0.7370283
215,6449.997,395.4881,25,1,623.8492,0.4403665,1.251292
216,6479.997,395.5416,25,1,624.6563,0.4979181,0.7668158
217,6509.997,395.5954,25,1,625.4542,0.4988819,0.9256812
218,6539.997,395.6489,25,1,626.2606,0.4938828,0.8556879
219,6569.997,395.7021,25,1,627.0746,0.4835998,0.8528041
220,6599.997,395.7556,25,1,627.8821,0.4925607,0.8816994
221,6629.997,395.8087,25,1,628.6995,0.4894917,0.8295604
222,6659.997,395.8619,25,1,629.5134,0.4744585,0.861205
223,6689.997,395.9153,25,1,630.321,0.4506286,0.8314716
224,6719.997,395.9687,25,1,631.1309,0.4747487,0.7734535
225,6749.997,396.0224,25,1,631.9318,0.4573303,1.144367
226,6779.997,396.076,25,1,632.7351,0.4501449,0.7184408
227,6809.997,396.1292,25,1,633.5503,0.470748,1.290922
228,6839.997,396.1831,25,1,634.3469,0.4824542,0.3256054
229,6869.997,396.2364,25,1,635.1578,0.4908321,0.5639184
230,6899.997,396.2899,25,1,635.9642,0.4132281,1.034643
231,6929.997,396.343,25,1,636.7814,0.4638039,0.6746546
232,6959.997,396.3966,25,1,637.586,0.4701526,0.7652474
233,6989.997,396.4503,25,1,638.3862,0.4765785,1.062827
234,7019.997,396.5033,25,1,639.2062,0.4982383,0.8607678
235,7049.997,396.5565,25,1,640.0199,0.4981344,0.6984296
236,7079.997,396.6096,25,1,640.8369,0.4770344,0.7391954
237,7109.997,396.6627,25,1,641.6539,0.4692423,0.6031325
238,7139.997,396.7161,25,1,642.4635,0.4954134,0.6775436
239,7169.997,396.7699,25,1,643.2626,0.458696,0.7729142
240,7199.997,396.8234,25,1,644.0679,0.4822929,0.7573032
241,7229.997,396.8765,25,1,644.8846,0.4893643,0.7615212
242,7259.997,396.93,25,1,645.6919,0.4913684,1.143051
243,7289.997,396.9837,25,1,646.4938,0.4849999,0.817524
244,7320.127,397.0354,25,1,647.3444,0.4746736,0.4831422
245,7350.127,397.0868,25,1,648.2053,0.4954357,1.000548
246,7380.127,397.138,25,1,649.0682,0.4915108,0.6986364
247,7410.127,397.189,25,1,649.938,0.4993222,1.232213
248,7440.127,397.2397,25,1,650.8134,0.4650294,1.078785
249,7470.127,397.291,25,1,651.6761,0.4946132,0.8726739
250,7500.127,397.342,25,1,652.5441,0.4882447,1.197605
251,7530.127,397.3935,25,1,653.4022,0.4652373,1.498564
252,7560.127,397.4445,25,1,654.2693,0.4880258,0.8384767
253,7590.127,397.4959,25,1,655.1304,0.4977625,0.9412381
254,7620.127,397.5479,25,1,655.9742,0.4681779,1.12272
255,7650.127,397.5991,25,1,656.8385,0.4902137,0.6452782
256,7680.127,397.6499,25,1,657.7112,0.4766599,0.9576454
257,7710.127,397.7012,25,1,658.5735,0.488598,0.868363
258,7740.127,397.7527,25,1,659.4309,0.4831989,0.9400343
259,7770.127,397.8039,25,1,660.2952,0.4784899,0.9327496
260,7800.127,397.8558,25,1,661.1417,0.4938709,0.845654
261,7830.127,397.9072,25,1,661.9991,0.4782484,1.062445
262,7860.127,397.9587,25,1,662.8568,0.4834178,0.7435697
263,7890.127,398.0097,25,1,663.7263,0.4709572,0.970332
264,7920.127,398.0607,25,1,664.5952,0.4603523,1.02435
265,7950.127,398.1125,25,1,665.4444,0.4245219,1.074361
266,7980.127,398.1636,25,1,666.3104,0.4427027,1.064708
267,8010.127,398.2147,25,1,667.1777,0.485984,0.7734619
268,8040.127,398.2667,25,1,668.021,0.4530526,1.274754
269,8070.127,398.3186,25,1,668.8683,0.4791238,0.8348271
270,8100.127,398.3698,25,1,669.7319,0.4674731,1.198219
271,8130.127,398.4201,25,1,670.6188,0.4982386,0.8197005
272,8160.127,398.4703,25,1,671.5066,0.4848847,0.9524776
273,8190.127,398.5216,25,1,672.3683,0.4912189,0.9559691
274,8220.127,398.5734,25,1,673.2182,0.4731354,1.072832
275,8250.127,398.6252,25,1,674.0681,0.4963126,1.090532
276,8280.127,398.6768,25,1,674.9202,0.498307,0.8456227
277,8310.127,398.7281,25,1,675.783,0.4915147,1.003368
278,8340.127,398.7793,25,1,676.6478,0.483783,0.8477631
279,8370.127,398.8305,25,1,677.5107,0.4896775,0.9369274
280,8400.127,398.8817,25,1,678.3765,0.489345,0.9198314
281,8430.127,398.9322,25,1,679.2559,0.4965409,0.9251273
282,8460.127,398.9834,25,1,680.1204,0.4256433,0.8217505
283,8490.127,399.0345,25,1,680.9874,0.4884584,0.9225982
284,8520.127,399.0859,25,1,681.847,0.4741946,1.132606
285,8550.127,399.1375,25,1,682.6996,0.4682478,0.4984244
286,8580.127,399.1888,25,1,683.5618,0.4633751,0.6269023
287,8610.127,399.2404,25,1,684.4163,0.4993109,0.9009888
288,8640.127,399.2913,25,1,685.2875,0.4852235,0.5716591
289,8670.127,399.3421,25,1,686.1621,0.4673098,1.075272
290,8700.127,399.3934,25,1,687.0225,0.4925103,0.9219902
291,8730.127,399.4456,25,1,687.8621,0.4843002,0.6757622
292,8760.127,399.4972,25,1,688.7181,0.4658804,1.042655
293,8790.127,399.5482,25,1,689.5873,0.4755785,1.215045
294,8820.127,399.5989,25,1,690.4615,0.470804,1.073214
295,8850.127,399.6504,25,1,691.3204,0.4521511,0.857284
296,8880.127,399.7018,25,1,692.179,0.4710397,0.8306444
297,8910.127,399.7532,25,1,693.0363,0.4926323,0.8427708
298,8940.127,399.8045,25,1,693.8994,0.4928182,0.9037952
299,8970.127,399.856,25,1,694.7568,0.4854567,0.9166067
300,9000.127,399.9082,25,1,695.5952,0.4503574,1.13322
301,9030.127,399.9591,25,1,696.4655,0.4801231,1.09056
302,9060.127,400.0102,25,1,697.3318,0.4831974,0.891223
303,9090.127,400.0621,25,1,698.18,0.41097,0.9629279
304,9120.127,400.1132,25,1,699.0473,0.4951153,0.9087325
305,9150.127,400.1649,25,1,699.8974,0.4888883,1.003202
306,9180.127,400.2161,25,1,700.762,0.4984338,0.7556893
307,9210.127,400.2671,25,1,701.6314,0.493342,0.7981415
308,9240.127,400.318,25,1,702.5035,0.493841,1.01599
309,9270.127,400.3699,25,1,703.3494,0.4728297,0.8545353
310,9300.127,400.4214,25,1,704.2068,0.4849814,1.133443
311,9330.127,400.4728,25,1,705.0644,0.4886853,1.361138
312,9360.127,400.5243,25,1,705.9225,0.4751279,1.005585
313,9390.127,400.5748,25,1,706.8018,0.4879641,0.8242631
314,9420.127,400.6262,25,1,707.6625,0.4825383,0.7430322
315,9450.127,400.6779,25,1,708.5133,0.4698925,0.8673982
316,9480.127,400.7293,25,1,709.373,0.4806546,0.9614053
317,9510.127,400.7807,25,1,710.2323,0.4757994,0.8435471
318,9540.127,400.8314,25,1,711.1078,0.4875081,0.7562691
319,9570.128,400.8831,25,1,711.9609,0.4854162,1.33033
320,9600.128,400.9344,25,1,712.8202,0.4970869,0.5969896
321,9630.128,400.985,25,1,713.7012,0.4864558,1.250883
322,9660.128,401.0362,25,1,714.5643,0.4931122,1.189606
323,9690.128,401.0877,25,1,715.4208,0.4702616,0.8314932
324,9720.128,401.1389,25,1,716.2852,0.491988,0.7617642
325,9750.127,401.1898,25,1,717.1558,0.4897428,0.8338206
326,9780.127,401.2417,25,1,718.0042,0.4793239,1.219913
327,9810.127,401.2925,25,1,718.8777,0.4911298,0.8157915
328,9840.127,401.3438,25,1,719.7391,0.4590198,0.6787186
329,9870.127,401.3952,25,1,720.5985,0.4988796,0.5236295
330,9900.127,401.4467,25,1,721.4556,0.4896317,0.3779751
331,9930.128,401.4977,25,1,722.3257,0.4359041,1.030239
332,9960.128,401.5493,25,1,723.1782,0.4898915,1.025488
333,9990.128,401.601,25,1,724.0289,0.4752448,1.011343
334,10020.13,401.6524,25,1,724.8883,0.490604,1.116971
335,10050.13,401.7039,25,1,725.7466,0.4950373,0.8027958
336,10080.13,401.7549,25,1,726.6145,0.4977981,0.5786427
337,10110.13,401.8057,25,1,727.4887,0.4988458,0.8317503
338,10140.13,401.8567,25,1,728.3578,0.4804608,0.8623781
339,10170.13,401.9079,25,1,729.2211,0.4758961,0.3750511
340,10200.13,401.9594,25,1,730.0784,0.4843607,0.7376235
341,10230.13,402.0105,25,1,730.9462,0.4930846,0.9473492
342,10260.13,402.0618,25,1,731.8074,0.4654684,1.069176
343,10290.13,402.1122,25,1,732.69,0.4923775,0.6989561
344,10320.13,402.1639,25,1,733.542,0.4558434,0.3733677
345,10350.13,402.2152,25,1,734.4044,0.4755155,1.29554
346,10380.13,402.2663,25,1,735.2698,0.4844379,0.7670168
347,10410.13,402.3174,25,1,736.1371,0.4711813,0.6397108
348,10440.13,402.3687,25,1,736.9991,0.4985125,0.8162473
349,10470.13,402.4201,25,1,737.8581,0.468442,0.8924314
350,10500.13,402.471,25,1,738.7294,0.4809959,0.7391871
351,10530.13,402.5225,25,1,739.587,0.4707993,0.8628253
352,10560.13,402.5749,25,1,740.4201,0.4525431,0.6895216
353,10590.13,402.626,25,1,741.2874,0.4786062,1.160443
354,10620.13,402.6771,25,1,742.1531,0.4883946,0.7654817
355,10650.13,402.728,25,1,743.0244,0.4891521,0.7224379
356,10680.13,402.779,25,1,743.8937,0.4884428,0.8122619
357,10710.13,402.8297,25,1,744.7709,0.4973648,0.7298192
358,10740.13,402.8803,25,1,745.649,0.47359,0.8316495
359,10770.13,402.9318,25,1,746.5074,0.4520622,1.197547
360,10800.13,402.9826,25,1,747.3796,0.475883,1.056344
361,10830.13,403.0342,25,1,748.2343,0.4762264,1.132821
362,10860.13,403.0852,25,1,749.1044,0.484872,0.9788688
363,10890.13,403.1361,25,1,749.9753,0.493671,0.6669682
364,10920.13,403.1877,25,1,750.8281,0.4619331,0.9692752
365,10950.13,403.2383,25,1,751.707,0.4956875,1.332678
366,10980.13,403.2895,25,1,752.5726,0.4764573,1.183471
367,11010.13,403.3409,25,1,753.4313,0.4916443,0.9210808
368,11040.13,403.3923,25,1,754.2915,0.4709917,1.085156
369,11070.13,403.4434,25,1,755.1587,0.4795691,0.9852245
370,11100.13,403.4942,25,1,756.0316,0.4934466,0.6823073
371,11130.13,403.5454,25,1,756.8963,0.4883592,0.8523083
372,11160.13,403.5972,25,1,757.745,0.4635316,0.7943406
373,11190.13,403.6483,25,1,758.6124,0.4888681,1.11623
374,11220.13,403.7,25,1,759.4623,0.4488577,0.5491276
375,11250.13,403.7505,25,1,760.3458,0.4752623,0.7075258
376,11280.13,403.8013,25,1,761.2174,0.4804531,1.032781
377,11310.13,403.8525,25,1,762.0822,0.4922462,1.265861
378,11340.13,403.9037,25,1,762.9468,0.4886271,0.7372685
379,11370.13,403.9543,25,1,763.8246,0.4848314,0.9469532
380,11400.13,404.0058,25,1,764.6815,0.4847569,0.9073781
381,11430.13,404.0572,25,1,765.5424,0.4930384,0.7496946
382,11460.13,404.1085,25,1,766.4025,0.4898036,0.8431996
383,11490.13,404.1604,25,1,767.2486,0.4963895,0.8718487
384,11520.13,404.2113,25,1,768.1211,0.4795184,0.8680679
385,11550.13,404.263,25,1,768.972,0.4868628,0.9017783
386,11580.13,404.3142,25,1,769.8375,0.4835876,0.550814
387,11610.13,404.3655,25,1,770.698,0.4669749,1.149519
388,11640.13,404.417,25,1,771.5545,0.4829283,1.019146
389,11670.13,404.4686,25,1,772.4098,0.4681495,1.06688
390,11700.13,404.52,25,1,773.2676,0.4795852,0.7108776
391,11730.13,404.5714,25,1,774.1271,0.4942114,1.044172
392,11760.13,404.623,25,1,774.98,0.4568062,0.8081356
393,11790.13,404.6737,25,1,775.8581,0.4702744,0.8114362
394,11820.13,404.7251,25,1,776.7161,0.4875179,1.034942
395,11850.13,404.7762,25,1,777.5851,0.495018,0.7117687
396,11880.13,404.8276,25,1,778.4435,0.4764943,0.4884283
397,11910.13,404.8786,25,1,779.313,0.4923091,1.125446
398,11940.13,404.9297,25,1,780.1785,0.4400871,1.039151
399,11970.13,404.9811,25,1,781.0385,0.4606253,0.9109717
400,12000.13,405.0324,25,1,781.899,0.4434407,1.19231
401,12030.13,405.0839,25,1,782.7568,0.4788338,1.045183
402,12060.13,405.1351,25,1,783.6194,0.4917948,0.9800342
403,12090.13,405.1869,25,1,784.4702,0.4719313,0.7598849
404,12120.13,405.2389,25,1,785.3144,0.4890638,0.8189715
405,12150.13,405.2903,25,1,786.1711,0.4220985,0.793119
406,12180.13,405.3414,25,1,787.0396,0.4880894,1.026893
407,12210.13,405.3929,25,1,787.8962,0.4793697,0.8794184
408,12240.13,405.4443,25,1,788.7535,0.4809918,0.7278714
409,12270.13,405.4955,25,1,789.6187,0.474299,1.006553
410,12300.13,405.5474,25,1,790.4643,0.4667233,0.6297127
411,12330.13,405.5986,25,1,791.3284,0.484558,1.021581
412,12360.13,405.6498,25,1,792.193,0.4617688,0.4526873
413,12390.13,405.7003,25,1,793.0754,0.495799,0.9669244
414,12420.13,405.752,25,1,793.9253,0.4885405,0.7101098
415,12450.13,405.8036,25,1,794.7806,0.4547642,0.7403857
416,12480.13,405.8546,25,1,795.6511,0.4846219,1.080657
417,12510.13,405.9055,25,1,796.5208,0.4753357,0.6172919
418,12540.13,405.9567,25,1,797.3866,0.4747159,1.192837
419,12570.13,406.0081,25,1,798.243,0.4176046,0.7965915
420,12600.13,406.0598,25,1,799.0972,0.4568276,0.7602774
421,12630.13,406.1109,25,1,799.9639,0.4675584,0.7294219
422,12660.13,406.162,25,1,800,0.4874447,1.062102
423,12690.13,406.2133,25,1,800,0.4933805,1.036964
424,12720.13,406.2643,25,1,800,0.4855686,0.8674793
425,12750.13,406.315,25,1,800,0.4708061,0.5475323
426,12780.13,406.3658,25,1,800,0.4992184,0.6572317
427,12810.13,406.4168,25,1,800,0.4773204,1.124267
428,12840.13,406.4684,25,1,800,0.4019894,0.6666297
429,12870.13,406.5193,25,1,800,0.4979941,0.796984
430,12900.13,406.5704,25,1,800,0.483766,0.6691928
431,12930.13,406.6216,25,1,800,0.4684943,1.062338
432,12960.13,406.6731,25,1,800,0.4735519,0.8358119
433,12990.13,406.7243,25,1,800,0.4828163,0.7258405
434,13020.13,406.7756,25,1,800,0.490172,1.490228
435,13050.13,406.8264,25,1,800,0.4872525,0.7658438
436,13080.13,406.8773,25,1,800,0.4909191,0.85866
437,13110.13,406.9287,25,1,800,0.4718347,1.261619
438,13140.13,406.9798,25,1,800,0.4884089,0.8368492
439,13170.13,407.0313,25,1,800,0.4662001,1.254782
440,13200.13,407.0821,25,1,800,0.4696206,1.392231
441,13230.13,407.1326,25,1,800,0.464296,0.9325742
442,13260.13,407.1839,25,1,800,0.4958803,0.976804
443,13290.13,407.2353,25,1,800,0.4953898,0.9419787
444,13320.13,407.2871,25,1,800,0.4573482,0.7819153
445,13350.13,407.3384,25,1,800,0.4922476,1.356165
446,13380.13,407.3902,25,1,800,0.4708067,0.9828274
447,13410.13,407.4417,25,1,800,0.4926499,1.051228
448,13440.13,407.4925,25,1,800,0.4951294,0.9104012
449,13470.13,407.5445,25,1,800,0.4704897,1.074153
450,13500.13,407.5958,25,1,800,0.4958195,0.3715102
451,13530.13,407.647,25,1,800,0.4875948,1.058509
452,13560.13,407.6987,25,1,800,0.4851089,0.9902641
453,13590.13,407.7502,25,1,800,0.4500237,0.9860865
454,13620.13,407.8009,25,1,800,0.4851437,0.7288623
455,13650.13,407.8524,25,1,800,0.4821626,1.01574
456,13680.13,407.9033,25,1,800,0.4389367,0.9880961
457,13710.13,407.9542,25,1,800,0.4817679,0.6754282
458,13740.13,408.006,25,1,800,0.4869733,0.6310249
459,13770.13,408.0571,25,1,800,0.4523758,0.7078737
460,13800.13,408.1075,25,1,800,0.4819611,1.055042
461,13830.13,408.1583,25,1,800,0.488628,0.5712575
462,13860.13,408.2098,25,1,800,0.492896,1.052009
463,13890.13,408.261,25,1,800,0.4601401,0.7614807
464,13920.13,408.312,25,1,800,0.4785762,0.8932384
465,13950.13,408.3633,25,1,800,0.4601048,1.150259
466,13980.13,408.415,25,1,800,0.4896323,0.9457212
467,14010.13,408.4667,25,1,800,0.4874004,1.133229
468,14040.13,408.5182,25,1,800,0.490591,1.019564
469,14070.13,408.5691,25,1,800,0.4953185,0.5507026
470,14100.13,408.6204,25,1,800,0.4971751,0.9998738
471,14130.13,408.6713,25,1,800,0.49284,1.201238
472,14160.13,408.7227,25,1,800,0.4496912,1.264722
473,14190.13,408.7739,25,1,800,0.4710703,0.9836561
474,14220.13,408.8252,25,1,800,0.4382463,1.311026
475,14250.13,408.8765,25,1,800,0.497595,0.7213928
476,14280.13,408.9277,25,1,800,0.4721783,1.162823
477,14310.13,408.9788,25,1,800,0.4918795,0.377424
478,14340.13,409.0298,25,1,800,0.4930767,1.018806
479,14370.13,409.0811,25,1,800,0.4456208,1.164499
480,14400.13,409.132,25,1,800,0.4945461,0.9432997
481,14430.13,409.1834,25,1,800,0.4799407,1.058875
482,14460.13,409.2343,25,1,800,0.4931314,0.4931332
483,14490.13,409.2862,25,1,800,0.4877709,0.8411335
484,14520.13,409.3374,25,1,800,0.495754,1.154294
485,14550.13,409.3892,25,1,800,0.494096,0.9457414
486,14580.13,409.4403,25,1,800,0.4818522,0.7619144
487,14610.59,409.4875,25,1,800,0.4554912,0.5348305
488,14640.59,409.5317,25,1,800,0.4749553,1.310056
489,14670.59,409.5761,25,1,800,0.4500159,1.069724
490,14700.59,409.6208,25,1,800,0.4686083,0.9378147
491,14730.59,409.6649,25,1,800,0.4891701,1.079508
492,14760.59,409.7092,25,1,800,0.4890239,0.9888672
493,14790.59,409.7534,25,1,800,0.422629,1.300216
494,14820.59,409.7977,25,1,800,0.4802589,0.8193479
495,14850.59,409.8414,25,1,800,0.4979162,0.8878488
496,14880.59,409.8854,25,1,800,0.4667595,1.044702
497,14910.59,409.9295,25,1,800,0.4634327,1.217816
498,14940.59,409.9743,25,1,800,0.498797,1.066551
499,14970.59,410.0183,25,1,800,0.469101,1.374589
500,15000.59,410.0621,25,1,800,0.4946597,0.9994953
501,15030.59,410.1056,25,1,800,0.47868,0.5125495
502,15060.59,410.1497,25,1,800,0.480303,0.6706963
503,15090.59,410.1935,25,1,800,0.4841107,1.180615
504,15120.59,410.2375,25,1,800,0.4845637,0.9257466
505,15150.59,410.2814,25,1,800,0.477367,0.7409559
506,15180.59,410.325,25,1,800,0.4890968,0.6941984
507,15210.59,410.369,25,1,800,0.4675761,0.6410925
508,15240.59,410.4129,25,1,800,0.4593225,1.104189
509,15270.59,410.4565,25,1,800,0.4774528,1.103453
510,15300.59,410.5002,25,1,800,0.4622796,1.073574
511,15330.59,410.5448,25,1,800,0.4542576,0.8871669
512,15360.59,410.5888,25,1,800,0.4975863,0.8596243
513,15390.59,410.6334,25,1,800,0.4757253,1.088021
514,15420.59,410.6778,25,1,800,0.4695992,0.9943933
515,15450.59,410.7222,25,1,800,0.4900624,0.5998399
516,15480.59,410.766,25,1,800,0.495001,1.05042
517,15510.59,410.8106,25,1,800,0.4531803,1.073253
518,15540.59,410.8553,25,1,800,0.447479,0.9683936
519,15570.59,410.8991,25,1,800,0.4575091,1.13252
520,15600.59,410.9423,25,1,800,0.488007,0.8005788
521,15630.59,410.9867,25,1,800,0.4916259,0.6978536
522,15660.59,411.0307,25,1,800,0.4871326,0.9059175
523,15690.59,411.0746,25,1,800,0.4990976,0.9340782
524,15720.59,411.1185,25,1,800,0.4876827,1.116779
525,15750.59,411.1617,25,1,800,0.4930297,1.014437
526,15780.59,411.2057,25,1,800,0.475937,0.624443
527,15810.59,411.2498,25,1,800,0.4887176,0.621484
528,15840.59,411.295,25,1,800,0.4963162,0.5400754
529,15870.59,411.3391,25,1,800,0.4877855,1.287875
530,15900.59,411.3827,25,1,800,0.4978954,1.311308
531,15930.59,411.4272,25,1,800,0.4771009,1.140416
532,15960.59,411.4709,25,1,800,0.4580619,0.803297
533,15990.59,411.5158,25,1,800,0.4295778,0.7379817
534,16020.59,411.5601,25,1,800,0.4537548,1.051573
535,16050.59,411.6039,25,1,800,0.4484457,0.8532357
536,16080.59,411.6485,25,1,800,0.4847412,0.9956689
537,16110.59,411.6931,25,1,800,0.4903704,0.9831769
538,16140.59,411.7366,25,1,800,0.4844506,0.7067566
539,16170.59,411.7801,25,1,800,0.4810888,1.010758
540,16200.59,411.8242,25,1,800,0.4426682,1.177425
541,16230.59,411.8685,25,1,800,0.4728102,0.8249325
542,16260.59,411.912,25,1,800,0.437538,0.559534
543,16290.59,411.9561,25,1,800,0.4940299,0.5403653
544,16320.59,412.0003,25,1,800,0.4905619,0.9841149
545,16350.59,412.0443,25,1,800,0.4968757,0.9793506
546,16380.59,412.0873,25,1,800,0.4848271,0.9100968
547,16410.59,412.1313,25,1,800,0.4899628,0.5299932
548,16440.59,412.1756,25,1,800,0.4988882,0.6937536
549,16470.59,412.2192,25,1,800,0.4733078,1.123653
550,16500.59,412.2633,25,1,800,0.4858521,1.190393
551,16530.59,412.3076,25,1,800,0.4646484,0.8432745
552,16560.59,412.3511,25,1,800,0.498934,0.9607367
553,16590.59,412.3958,25,1,800,0.477457,0.5013946
554,16620.59,412.4402,25,1,800,0.4821361,1.085144
555,16650.59,412.4843,25,1,800,0.4585942,1.048485
556,16680.59,412.529,25,1,800,0.4604591,0.4642064
557,16710.59,412.5731,25,1,800,0.4882296,0.8823338
558,16740.59,412.6172,25,1,800,0.4730321,1.043789
559,16770.59,412.661,25,1,800,0.4567258,0.9720726
560,16800.59,412.705,25,1,800,0.4766196,1.040304
561,16830.59,412.7495,25,1,800,0.4840051,0.8709715
562,16860.59,412.7938,25,1,800,0.4588262,0.9194289
563,16890.59,412.8375,25,1,800,0.4750586,0.8723677
564,16920.59,412.8818,25,1,800,0.4639958,0.6522372
565,16950.59,412.9252,25,1,800,0.4938872,0.7781745
566,16980.59,412.9697,25,1,800,0.4760809,0.8106867
567,17010.59,413.014,25,1,800,0.4787815,0.6255065
568,17040.59,413.0581,25,1,800,0.4581487,1.009273
569,17070.59,413.1021,25,1,800,0.471929,1.42538
570,17100.59,413.146,25,1,800,0.4411235,1.39466
571,17130.59,413.1898,25,1,800,0.4884974,0.9562725
572,17160.59,413.2334,25,1,800,0.4808293,1.630038
573,17190.59,413.2773,25,1,800,0.499408,0.5238421
574,17220.59,413.3211,25,1,800,0.4753282,1.20731
575,17250.59,413.3662,25,1,800,0.4567538,1.086553
576,17280.59,413.4108,25,1,800,0.4764275,0.5084475
577,17310.59,413.4543,25,1,800,0.4869047,1.323425
578,17340.59,413.4979,25,1,800,0.4869574,0.6646764
579,17370.59,413.5428,25,1,800,0.4610884,1.145792
580,17400.59,413.5864,25,1,800,0.4925596,0.8791542
581,17430.59,413.6311,25,1,800,0.4701723,0.9758559
582,17460.59,413.6751,25,1,800,0.4933658,0.7831746
583,17490.59,413.7191,25,1,800,0.4893596,0.7122028
584,17520.59,413.7629,25,1,800,0.4891146,0.7555057
585,17550.59,413.8077,25,1,800,0.4988428,0.9400166
586,17580.59,413.8517,25,1,800,0.4756635,0.8564142
587,17610.59,413.8953,25,1,800,0.4726997,0.7480373
588,17640.59,413.9406,25,1,800,0.4934229,0.8553345
589,17670.59,413.9854,25,1,800,0.48106,1.027001
590,17700.59,414.0289,25,1,800,0.4579582,0.7596825
591,17730.59,414.0737,25,1,800,0.4957969,1.194317
592,17760.59,414.1176,25,1,800,0.4918042,1.525209
593,17790.59,414.162,25,1,800,0.4866715,0.8779716
594,17820.59,414.2063,25,1,800,0.4615803,0.5436341
595,17850.59,414.2502,25,1,800,0.4668473,0.9243213
596,17880.59,414.2943,25,1,800,0.4871655,0.8205168
597,17910.59,414.3385,25,1,800,0.4785275,0.9602396
598,17940.59,414.383,25,1,800,0.4783311,1.179746
599,17970.59,414.4278,25,1,800,0.4992874,0.8240918
600,18000.59,414.4718,25,1,800,0.4648711,1.279644
601,18030.59,414.5156,25,1,800,0.488029,1.036682
602,18060.59,414.56,25,1,800,0.4784093,0.7851089
603,18090.59,414.6043,25,1,800,0.4928405,1.242813
604,18120.59,414.6484,25,1,800,0.4971706,1.340523
605,18150.59,414.6918,25,1,800,0.4680741,0.8686185
606,18180.59,414.7353,25,1,800,0.4862183,1.228489
607,18210.59,414.7791,25,1,800,0.4846374,0.6328183
608,18240.59,414.8229,25,1,800,0.4968614,0.6980858
609,18270.59,414.8673,25,1,800,0.4306327,1.212236
610,18300.59,414.9111,25,1,800,0.4902728,0.8041131
611,18330.59,414.955,25,1,800,0.4951475,1.25957
612,18360.59,414.999,25,1,800,0.4864221,0.8057247
613,18390.59,415.0431,25,1,800,0.4463902,0.8577158
614,18420.59,415.0874,25,1,800,0.4964997,0.8555842
615,18450.59,415.1315,25,1,800,0.4837176,0.5664927
616,18480.59,415.1752,25,1,800,0.4380788,0.9615971
617,18510.59,415.2191,25,1,800,0.4458278,0.8355222
618,18540.59,415.2632,25,1,800,0.4877109,0.8202041
619,18570.59,415.3071,25,1,800,0.4858506,0.7190745
620,18600.59,415.3514,25,1,800,0.4664446,1.040407
621,18630.59,415.3954,25,1,800,0.4805729,0.5817336
622,18660.59,415.4398,25,1,800,0.4925809,1.205388
623,18690.59,415.4839,25,1,800,0.446173,0.9442258
624,18720.59,415.5283,25,1,800,0.4589477,0.6484122
625,18750.59,415.5727,25,1,800,0.4847814,0.7732173
626,18780.59,415.6164,25,1,800,0.4924297,0.9634764
627,18810.59,415.6607,25,1,800,0.4617927,1.203059
628,18840.59,415.7049,25,1,800,0.4778113,0.9687679
629,18870.59,415.7493,25,1,800,0.4841883,1.418365
630,18900.59,415.7939,25,1,800,0.4412861,0.6387227
631,18930.59,415.8376,25,1,800,0.4910285,1.056414
632,18960.59,415.8816,25,1,800,0.4814692,0.9367735
633,18990.59,415.9261,25,1,800,0.4962641,0.9505278
634,19020.59,415.9702,25,1,800,0.4699492,0.7303047
635,19050.59,416.014,25,1,800,0.4752752,1.380428
636,19080.59,416.0576,25,1,800,0.4646841,1.011278
637,19110.59,416.1019,25,1,800,0.4831567,1.499646
638,19140.59,416.1464,25,1,800,0.4882987,0.4925836
639,19170.59,416.1904,25,1,800,0.4508335,0.8776569
640,19200.59,416.2351,25,1,800,0.4827053,1.089436
641,19230.59,416.2792,25,1,800,0.488686,0.9312158
642,19260.59,416.3231,25,1,800,0.4250281,1.162868
643,19290.59,416.3672,25,1,800,0.4926011,1.010363
644,19320.59,416.4109,25,1,800,0.4817124,0.6465952
645,19350.59,416.4544,25,1,800,0.4938473,1.053283
646,19380.59,416.4988,25,1,800,0.4989207,1.10403
647,19410.59,416.5434,25,1,800,0.46097,0.8138338
648,19440.59,416.5881,25,1,800,0.4837614,0.9307489
649,19470.59,416.6314,25,1,800,0.4966574,1.255145
650,19500.59,416.6753,25,1,800,0.4733715,1.076415
651,19530.59,416.7192,25,1,800,0.4641842,0.670675
652,19560.59,416.763,25,1,800,0.482523,0.4744415
653,19590.59,416.8065,25,1,800,0.4782682,0.6681255
654,19620.59,416.8504,25,1,800,0.4832836,0.6293846
655,19650.59,416.8948,25,1,800,0.4767888,1.0421
656,19680.59,416.9398,25,1,800,0.4762727,1.221709
657,19710.59,416.9841,25,1,800,0.4939632,1.274124
658,19740.59,417.0284,25,1,800,0.4817289,1.337663
659,19770.59,417.0725,25,1,800,0.4894956,1.266431
660,19800.59,417.1167,25,1,800,0.4817803,1.132651
661,19830.59,417.1614,25,1,800,0.4372476,0.4841361
662,19860.59,417.2059,25,1,800,0.4822084,1.179892
663,19890.59,417.2503,25,1,800,0.4966913,1.05754
664,19920.59,417.2947,25,1,800,0.416495,1.259766
665,19950.59,417.3383,25,1,800,0.4984421,0.5516756
666,19980.59,417.3822,25,1,800,0.4551502,0.944882
667,20010.59,417.4268,25,1,800,0.4796226,0.6268448
668,20040.59,417.4707,25,1,800,0.4664437,1.229507
669,20070.59,417.5147,25,1,800,0.4746618,0.9194293
670,20100.59,417.5591,25,1,800,0.4735195,1.064625
671,20130.59,417.6035,25,1,800,0.4795589,0.8910318
672,20160.59,417.6476,25,1,800,0.4850707,0.9250027
673,20190.59,417.6915,25,1,800,0.4877502,0.5029001
674,20220.59,417.7354,25,1,800,0.4287535,0.9144364
675,20250.59,417.7802,25,1,800,0.4948401,1.366485
676,20280.59,417.8241,25,1,800,0.4650694,1.113889
677,20310.59,417.8687,25,1,800,0.4742107,0.9806693
678,20340.59,417.9121,25,1,800,0.4829415,0.935825
679,20370.59,417.9563,25,1,800,0.4603257,1.131587
680,20400.59,418,25,1,800,0.4753421,0.9362125
681,20430.59,418.0434,25,1,800,0.4829052,0.8667666
682,20460.59,418.087,25,1,800,0.4300857,1.218141
683,20490.59,418.1312,25,1,800,0.4934241,0.7790731
684,20520.59,418.1754,25,1,800,0.4884734,0.546819
685,20550.59,418.2189,25,1,800,0.4493859,0.8885581
686,20580.59,418.2629,25,1,800,0.4723881,0.8391918
687,20610.59,418.3074,25,1,800,0.481413,1.130809
688,20640.59,418.3516,25,1,800,0.4037048,0.6723317
689,20670.59,418.3963,25,1,800,0.4614105,1.216714
690,20700.59,418.441,25,1,800,0.4848608,1.504335
691,20730.59,418.4851,25,1,800,0.4481916,1.049188
692,20760.59,418.5298,25,1,800,0.4895581,1.082802
693,20790.59,418.5741,25,1,800,0.4746101,1.151415
694,20820.59,418.6182,25,1,800,0.4719483,0.6526124
695,20850.59,418.6627,25,1,800,0.4870912,1.149452
696,20880.59,418.7069,25,1,800,0.4971052,0.7421623
697,20910.59,418.7507,25,1,800,0.4933098,0.5356514
698,20940.59,418.7946,25,1,800,0.474894,0.5335996
699,20970.59,418.8388,25,1,800,0.4977919,1.237469
700,21000.59,418.8826,25,1,800,0.487736,1.011626
701,21030.59,418.9268,25,1,800,0.4710208,0.9186287
702,21060.59,418.9707,25,1,800,0.4903375,0.566862
703,21090.59,419.0143,25,1,800,0.4722009,0.7472799
704,21120.59,419.0584,25,1,800,0.4794597,0.9243613
705,21150.59,419.1028,25,1,800,0.4830002,1.145047
706,21180.59,419.1472,25,1,800,0.4954075,0.8267038
707,21210.59,419.191,25,1,800,0.4726405,1.149847
708,21240.59,419.2355,25,1,800,0.496316,1.102882
709,21270.59,419.2798,25,1,800,0.4906155,0.6319466
710,21300.59,419.3242,25,1,800,0.4889329,1.179884
711,21330.59,419.3672,25,1,800,0.4859562,0.9083555
712,21360.59,419.4115,25,1,800,0.4554511,0.9525064
713,21390.59,419.4555,25,1,800,0.4690394,0.5622852
714,21420.59,419.4993,25,1,800,0.4880399,0.5703661
715,21450.59,419.5429,25,1,800,0.4570996,0.7416852
716,21480.59,419.5865,25,1,800,0.4816824,1.024349
717,21510.59,419.6302,25,1,800,0.4874131,0.9385002
718,21540.59,419.6743,25,1,800,0.4965679,0.7222276
719,21570.59,419.7182,25,1,800,0.4734988,1.192141
720,21600.59,419.7623,25,1,800,0.4748353,1.174391
721,21630.59,419.8062,25,1,800,0.4716159,1.1903
722,21660.59,419.8505,25,1,800,0.4474513,1.238964
723,21690.59,419.895,25,1,800,0.4855429,0.7609782
724,21720.59,419.9396,25,1,800,0.4967033,1.25814
725,21750.59,419.9838,25,1,800,0.4972292,1.308309
726,21780.59,420.0279,25,1,800,0.4943417,0.7115849
727,21810.59,420.0715,25,1,800,0.4788975,0.6153411
728,21840.59,420.115,25,1,800,0.4972166,0.998163
729,21870.59,420.1594,25,1,800,0.4849503,1.209768
730,21900.59,420.2038,25,1,800,0.4652734,1.129518
731,21930.59,420.2481,25,1,800,0.4919729,1.038773
732,21960.59,420.2921,25,1,800,0.4731747,1.349853
733,21990.59,420.3359,25,1,800,0.4729245,1.135746
734,22020.59,420.38,25,1,800,0.4905092,0.777347
735,22050.59,420.4249,25,1,800,0.4490345,1.310014
736,22080.59,420.469,25,1,800,0.4528826,0.9746458
737,22110.59,420.5128,25,1,800,0.4922261,0.5063455
738,22140.59,420.5574,25,1,800,0.4996509,1.038529
739,22170.59,420.6016,25,1,800,0.4850599,0.9336607
740,22200.59,420.6455,25,1,800,0.4945405,0.9342185
741,22230.59,420.6907,25,1,800,0.4758347,0.7077198
742,22260.59,420.7353,25,1,800,0.4967702,0.5525819
743,22290.59,420.7789,25,1,800,0.4856581,0.7679658
744,22320.59,420.8231,25,1,800,0.4684941,1.150198
745,22350.59,420.8672,25,1,800,0.4953165,0.7140902
746,22380.59,420.9106,25,1,800,0.4831562,1.154893
747,22410.59,420.9551,25,1,800,0.484504,0.5072606
748,22440.59,420.9988,25,1,800,0.4844083,0.9743623
749,22470.59,421.0432,25,1,800,0.4424843,1.001745
750,22500.59,421.0869,25,1,800,0.497565,0.8243946
751,22530.59,421.1313,25,1,800,0.4915627,1.095384
752,22560.59,421.1761,25,1,800,0.4672807,0.845611
753,22590.59,421.2195,25,1,800,0.481304,0.583349
754,22620.59,421.2633,25,1,800,0.4888047,0.6826808
755,22650.59,421.3076,25,1,800,0.4746381,1.069259
756,22680.59,421.352,25,1,800,0.4732257,0.6558923
757,22710.59,421.3961,25,1,800,0.4740048,1.2214
758,22740.59,421.4397,25,1,800,0.4614115,0.9980425
759,22770.59,421.4837,25,1,800,0.484365,1.354328
760,22800.59,421.5276,25,1,800,0.4026118,0.8192648
761,22830.59,421.5707,25,1,800,0.4816527,0.9463711
762,22860.59,421.6148,25,1,800,0.4858901,0.6261658
763,22890.59,421.6587,25,1,800,0.4755633,1.418506
764,22920.59,421.7029,25,1,800,0.4787501,1.032802
765,22950.59,421.7469,25,1,800,0.4918265,0.5172495
766,22980.59,421.7905,25,1,800,0.4899126,1.17554
767,23010.59,421.8318,25,1,800,0.4938823,1.008929
768,23040.59,421.8738,25,1,800,0.4777437,0.8086872
769,23070.59,421.9155,25,1,800,0.473598,0.8033431
770,23100.59,421.9566,25,1,800,0.4927089,0.7571385
771,23130.59,421.9981,25,1,800,0.4799937,0.8707979
772,23160.59,422.0402,25,1,800,0.4366627,0.9560406
773,23190.59,422.0811,25,1,800,0.4849321,1.041996
774,23220.59,422.1223,25,1,800,0.4820182,0.899768
775,23250.59,422.1637,25,1,800,0.4669705,1.004221
776,23280.59,422.2053,25,1,800,0.4821502,0.5395961
777,23310.59,422.2454,25,1,800,0.4558893,1.230707
778,23340.59,422.2873,25,1,800,0.4926929,0.7218658
779,23370.59,422.3282,25,1,800,0.4556169,1.340419
780,23400.59,422.3701,25,1,800,0.4839254,0.8945174
781,23430.59,422.4118,25,1,800,0.4892787,0.8146931
782,23460.59,422.4533,25,1,800,0.4806119,0.8478699
783,23490.59,422.4953,25,1,800,0.4613072,0.7664608
784,23520.59,422.5374,25,1,800,0.4942986,0.8151903
785,23550.59,422.5789,25,1,800,0.4656506,1.544155
786,23580.59,422.6203,25,1,800,0.4602984,1.08228
787,23610.59,422.661,25,1,800,0.4773626,0.726873
788,23640.59,422.7021,25,1,800,0.4610304,0.9379507
789,23670.59,422.743,25,1,800,0.4857239,0.8555624
790,23700.59,422.7851,25,1,800,0.4797915,0.7409688
791,23730.59,422.8265,25,1,800,0.4887724,1.170668
792,23760.59,422.8685,25,1,800,0.4691863,1.237121
793,23790.59,422.9106,25,1,800,0.4851916,1.358453
794,23820.59,422.9524,25,1,800,0.4739982,1.317755
795,23850.59,422.9941,25,1,800,0.4913661,0.9393741
796,23880.59,423.036,25,1,800,0.4902641,0.6553164
797,23910.59,423.0776,25,1,800,0.4685022,0.6034024
798,23940.59,423.1192,25,1,800,0.467952,0.7625127
799,23970.59,423.1611,25,1,800,0.4880871,1.236364
800,24000.59,423.2027,25,1,800,0.4935375,0.9153933
801,24030.59,423.2438,25,1,800,0.4807815,1.091127
802,24060.59,423.2854,25,1,800,0.46675,0.5789273
803,24090.59,423.3265,25,1,800,0.490236,1.09207
804,24120.59,423.3678,25,1,800,0.4767445,0.9112661
805,24150.59,423.4092,25,1,800,0.4649114,1.19199
806,24180.59,423.451,25,1,800,0.4748193,0.9425141
807,24210.59,423.4926,25,1,800,0.4832062,0.7741898
808,24240.59,423.5345,25,1,800,0.4615329,0.5513634
809,24270.59,423.5761,25,1,800,0.4603413,0.8069399
810,24300.59,423.6176,25,1,800,0.4392616,0.878415
811,24330.59,423.6591,25,1,800,0.4559291,0.7004558
812,24360.59,423.7005,25,1,800,0.4987786,1.274046
813,24390.59,423.7421,25,1,800,0.4380911,0.8492982
814,24420.59,423.7843,25,1,800,0.4813129,1.000134
815,24450.59,423.8258,25,1,800,0.4934698,1.24977
816,24480.59,423.8669,25,1,800,0.4898169,1.292531
817,24510.59,423.9088,25,1,800,0.4966468,1.145868
818,24540.59,423.95,25,1,800,0.493558,0.7744297
819,24570.59,423.9909,25,1,800,0.4665285,1.208312
820,24600.59,424.033,25,1,800,0.4883248,0.9649012
821,24630.59,424.075,25,1,800,0.4538739,0.9248777
822,24660.59,424.1169,25,1,800,0.4933943,1.165332
823,24690.59,424.1583,25,1,800,0.48349,0.7049062
824,24720.59,424.1997,25,1,800,0.4948403,0.9827
825,24750.59,424.2406,25,1,800,0.4741412,0.6923897
826,24780.59,424.2817,25,1,800,0.4865394,1.316216
827,24810.59,424.3236,25,1,800,0.428268,1.011698
828,24840.59,424.3654,25,1,800,0.4812107,1.116473
829,24870.59,424.406,25,1,800,0.4563513,1.062368
830,24900.59,424.4478,25,1,800,0.4881289,0.928918
831,24930.59,424.4897,25,1,800,0.4335139,0.5818366
832,24960.59,424.5311,25,1,800,0.4799582,0.8762542
833,24990.59,424.5729,25,1,800,0.4774512,0.5820316
834,25020.59,424.6139,25,1,800,0.473381,0.960187
835,25050.59,424.6558,25,1,800,0.4658919,0.9459628
836,25080.59,424.6972,25,1,800,0.4729101,1.548339
837,25110.59,424.7385,25,1,800,0.4870205,0.9200159
838,25140.59,424.7802,25,1,800,0.4807425,0.9546666
839,25170.59,424.8209,25,1,800,0.458624,1.286605
840,25200.59,424.8623,25,1,800,0.4382702,1.173305
841,25230.59,424.9043,25,1,800,0.4600396,0.6442742
842,25260.59,424.9461,25,1,800,0.4980763,0.767503
843,25290.59,424.9881,25,1,800,0.4902064,0.7673853
844,25320.59,425.0297,25,1,800,0.4991312,0.805666
845,25350.59,425.071,25,1,800,0.47283,0.883155
846,25380.59,425.1128,25,1,800,0.4626802,0.56376
847,25410.59,425.1547,25,1,800,0.4734241,1.102714
848,25440.59,425.1968,25,1,800,0.4695671,0.7679939
849,25470.59,425.2386,25,1,800,0.4975987,0.7449784
850,25500.59,425.2811,25,1,800,0.4982748,1.129224
851,25530.59,425.3228,25,1,800,0.4957486,0.9105595
852,25560.59,425.3647,25,1,800,0.4433113,1.075127
853,25590.59,425.4066,25,1,800,0.4936316,1.000351
854,25620.59,425.4486,25,1,800,0.4756024,0.5016412
855,25650.59,425.4901,25,1,800,0.4925582,1.008566
856,25680.59,425.5318,25,1,800,0.4934212,0.7326631
857,25710.59,425.5733,25,1,800,0.4622714,0.8831903
858,25740.59,425.6155,25,1,800,0.4800577,0.6323293
859,25770.59,425.6574,25,1,800,0.4808188,0.6611074
860,25800.59,425.7002,25,1,800,0.4793477,0.9795178
861,25830.59,425.7419,25,1,800,0.4995153,0.7948478
862,25860.59,425.7832,25,1,800,0.4841813,0.5571393
863,25890.59,425.8248,25,1,800,0.4897891,0.7001547
864,25920.59,425.8667,25,1,800,0.495268,1.240754
865,25950.59,425.908,25,1,800,0.4931075,0.9479568
866,25980.59,425.9497,25,1,800,0.4800787,0.8806573
867,26010.59,425.9918,25,1,800,0.4796293,0.9644064
868,26040.59,426.0332,25,1,800,0.4950245,0.7610259
869,26070.59,426.0748,25,1,800,0.4794524,0.5492986
870,26100.59,426.1165,25,1,800,0.4921575,0.7128656
871,26130.59,426.1584,25,1,800,0.4561797,1.212221
872,26160.59,426.2,25,1,800,0.4884842,0.8476089
873,26190.59,426.2414,25,1,800,0.4811345,0.8694654
874,26220.59,426.2836,25,1,800,0.4581038,1.311919
875,26250.59,426.3257,25,1,800,0.4939046,1.17842
876,26280.59,426.3673,25,1,800,0.4677096,0.7100757
877,26310.59,426.4092,25,1,800,0.4826048,0.8754234
878,26340.59,426.4508,25,1,800,0.4842979,0.7019449
879,26370.59,426.493,25,1,800,0.4951413,0.7856811
880,26400.59,426.5346,25,1,800,0.4905442,1.087636
881,26430.59,426.5759,25,1,800,0.4850213,0.6342562
882,26460.59,426.6176,25,1,800,0.466418,0.8166741
883,26490.59,426.6587,25,1,800,0.4804448,1.118711
884,26520.59,426.6998,25,1,800,0.4828595,1.005759
885,26550.59,426.7415,25,1,800,0.4715627,1.185091
886,26580.59,426.784,25,1,800,0.4616828,0.9925869
887,26610.59,426.8253,25,1,800,0.4772253,1.0249
888,26640.59,426.8666,25,1,800,0.4845971,0.5541349
889,26670.59,426.908,25,1,800,0.4945849,0.5797109
890,26700.59,426.9501,25,1,800,0.4839505,0.7823749
891,26730.59,426.992,25,1,800,0.4864788,0.7043517
892,26760.59,427.0334,25,1,800,0.4540168,0.7846477
893,26790.59,427.0747,25,1,800,0.4192255,0.908789
894,26820.59,427.1156,25,1,800,0.4891185,1.390598
895,26850.59,427.1581,25,1,800,0.4586974,1.495704
896,26880.59,427.1994,25,1,800,0.477987,0.57707
897,26910.59,427.2415,25,1,800,0.4528328,0.8104689
898,26940.59,427.2827,25,1,800,0.4838018,0.9422422
899,26970.59,427.3237,25,1,800,0.4419672,1.124339
900,27000.59,427.3657,25,1,800,0.4843823,0.8015546
901,27030.59,427.4077,25,1,800,0.4948884,0.6766076
902,27060.59,427.4485,25,1,800,0.4908894,1.098057
903,27090.59,427.4901,25,1,800,0.4894626,0.68602
904,27120.59,427.5317,25,1,800,0.4466026,0.9350345
905,27150.59,427.5732,25,1,800,0.4600543,1.00999
906,27180.59,427.6149,25,1,800,0.4975388,0.6032913
907,27210.59,427.6564,25,1,800,0.4920021,0.6394317
908,27240.59,427.6983,25,1,800,0.4944511,0.8962713
909,27270.59,427.7405,25,1,800,0.4910766,0.9781075
910,27300.59,427.782,25,1,800,0.4693237,0.7377561
911,27330.59,427.8235,25,1,800,0.4936878,1.082884
912,27360.59,427.865,25,1,800,0.4923714,1.054118
913,27390.59,427.9065,25,1,800,0.4677646,0.8028968
914,27420.59,427.947,25,1,800,0.4730242,0.6826603
915,27450.59,427.9882,25,1,800,0.4956857,1.020304
916,27480.59,428.0293,25,1,800,0.450669,1.470286
917,27510.59,428.071,25,1,800,0.4976577,1.306113
918,27540.59,428.1126,25,1,800,0.4596476,0.6676227
919,27570.59,428.1534,25,1,800,0.483269,1.35781
920,27600.59,428.1957,25,1,800,0.489036,1.008704
921,27630.59,428.2379,25,1,800,0.4652036,0.6151249
922,27660.59,428.2798,25,1,800,0.4890118,0.7713545
923,27690.59,428.3211,25,1,800,0.4871221,1.096027
924,27720.59,428.3625,25,1,800,0.4324005,1.161724
925,27750.59,428.404,25,1,800,0.4636315,1.009734
926,27780.59,428.4463,25,1,800,0.4401675,1.152995
927,27810.59,428.4876,25,1,800,0.4965285,1.253134
928,27840.59,428.5295,25,1,800,0.4815031,1.049845
929,27870.59,428.5715,25,1,800,0.4821473,0.8749257
930,27900.59,428.613,25,1,800,0.4549956,1.038894
931,27930.59,428.6548,25,1,800,0.4942402,0.7437978
932,27960.59,428.6971,25,1,800,0.4599234,0.8974825
933,27990.59,428.7385,25,1,800,0.4868139,1.346029
934,28020.59,428.7802,25,1,800,0.4954386,0.9897622
935,28050.59,428.8222,25,1,800,0.4806187,1.262283
936,28080.59,428.8638,25,1,800,0.3962522,1.238485
937,28110.59,428.9052,25,1,800,0.4538132,0.9903553
938,28140.59,428.947,25,1,800,0.4899347,1.186147
939,28170.59,428.9885,25,1,800,0.4876845,1.031634
940,28200.59,429.0305,25,1,800,0.4881628,1.25102
941,28230.59,429.0724,25,1,800,0.4264593,0.6833116
942,28260.59,429.1142,25,1,800,0.49369,1.313595
943,28290.59,429.1554,25,1,800,0.4829134,0.7922315
944,28320.59,429.1971,25,1,800,0.4796038,0.7871372
945,28350.59,429.2386,25,1,800,0.4833968,1.091084
946,28380.59,429.2808,25,1,800,0.4644769,1.012222
947,28410.59,429.3218,25,1,800,0.4932605,1.215706
948,28440.59,429.3633,25,1,800,0.4909402,1.060677
949,28470.59,429.4053,25,1,800,0.4978533,0.6032517
950,28500.59,429.4471,25,1,800,0.4820345,1.446965
951,28530.59,429.4882,25,1,800,0.4873011,0.9989074
952,28560.59,429.5297,25,1,800,0.4809086,0.8063468
953,28590.59,429.5717,25,1,800,0.4726661,0.8844445
954,28620.59,429.6137,25,1,800,0.4995852,0.9753017
955,28650.59,429.6558,25,1,800,0.4589393,0.9857292
956,28680.59,429.6971,25,1,800,0.4720222,1.093284
957,28710.59,429.7382,25,1,800,0.4477264,1.145932
958,28740.59,429.7792,25,1,800,0.4799727,1.070683
959,28770.59,429.8206,25,1,800,0.4862541,0.8900769
960,28800.59,429.8628,25,1,800,0.4880143,0.8308371
961,28830.59,429.9042,25,1,800,0.4711101,1.130064
962,28860.59,429.9467,25,1,800,0.4704166,0.9792909
963,28890.59,429.9883,25,1,800,0.4850972,1.235591
964,28920.59,430.0301,25,1,800,0.494578,1.250662
965,28950.59,430.0714,25,1,800,0.487931,0.9913253
966,28980.59,430.1125,25,1,800,0.4991753,0.7691897
967,29010.59,430.1543,25,1,800,0.4888397,0.9970267
968,29040.59,430.196,25,1,800,0.4776899,1.411344
969,29070.59,430.2378,25,1,800,0.4352309,0.9320973
970,29100.59,430.2795,25,1,800,0.479836,0.6784554
971,29130.59,430.3217,25,1,800,0.4794091,1.399193
972,29160.59,430.3636,25,1,800,0.4715489,1.303481
973,29190.59,430.4052,25,1,800,0.4891904,1.354186
974,29220.59,430.4462,25,1,800,0.4843973,0.8648605
975,29250.59,430.4876,25,1,800,0.4767202,1.382885
976,29280.59,430.5291,25,1,800,0.4776773,0.61672
977,29310.59,430.5711,25,1,800,0.4916824,0.8704629
978,29340.59,430.6122,25,1,800,0.4893928,0.7598459
979,29370.59,430.6536,25,1,800,0.4901281,0.9005113
980,29400.59,430.6956,25,1,800,0.4880644,1.28372
981,29430.59,430.7375,25,1,800,0.4787325,1.214174
982,29461.99,430.7786,25,1,800,0.4493547,0.6645319
983,29491.99,430.8195,25,1,800,0.4831785,0.7573784
984,29521.99,430.8609,25,1,800,0.4585198,0.7218776
985,29551.99,430.9028,25,1,800,0.4742981,1.235776
986,29581.99,430.9442,25,1,800,0.4985795,0.7522147
987,29611.99,430.9854,25,1,800,0.4839769,1.151608
988,29641.99,431.0269,25,1,800,0.4830601,0.8714341
989,29671.99,431.069,25,1,800,0.4941275,1.062604
990,29701.99,431.1107,25,1,800,0.4799464,0.6120325
991,29731.99,431.1529,25,1,800,0.4632203,1.139506
992,29761.99,431.194,25,1,800,0.4761106,0.6498879
993,29791.99,431.2356,25,1,800,0.4978188,0.8783741
994,29821.99,431.2771,25,1,800,0.4927613,1.399956
995,29851.99,431.3192,25,1,800,0.49393,1.300779
996,29881.99,431.3612,25,1,800,0.4641607,0.6073509
997,29911.99,431.4031,25,1,800,0.4888831,0.9806543
998,29941.99,431.4442,25,1,800,0.4927262,0.9217636
999,29971.99,431.4858,25,1,800,0.4973724,1.10464
1000,30001.99,431.528,25,1,800,0.4840038,0.5464076
1001,30031.99,431.5693,25,1,800,0.4439426,1.082118
1002,30061.99,431.611,25,1,800,0.4733696,0.9477051
1003,30091.99,431.6523,25,1,800,0.4740326,1.238362
1004,30121.99,431.6939,25,1,800,0.4866791,0.7980183
1005,30151.99,431.7358,25,1,800,0.4940565,1.080984
1006,30181.99,431.7775,25,1,800,0.4798481,1.033781
1007,30211.99,431.819,25,1,800,0.4915895,1.446424
1008,30241.99,431.8607,25,1,800,0.4590231,1.024398
1009,30271.99,431.9026,25,1,800,0.4867883,0.7894347
1010,30301.99,431.9442,25,1,800,0.4851584,0.6724311
1011,30331.99,431.9855,25,1,800,0.48567,1.231584
1012,30361.99,432.027,25,1,800,0.4683755,1.020924
1013,30391.99,432.0684,25,1,800,0.4719843,1.176962
1014,30421.99,432.1097,25,1,800,0.4787419,1.247364
1015,30451.99,432.1516,25,1,800,0.4815344,0.8796313
1016,30481.99,432.1932,25,1,800,0.4764654,0.9959302
1017,30511.99,432.2343,25,1,800,0.4979611,0.9560633
1018,30541.99,432.2766,25,1,800,0.4535593,1.292294
1019,30571.99,432.3173,25,1,800,0.4941142,1.022127
1020,30601.99,432.359,25,1,800,0.4848535,0.9227224
1021,30631.99,432.4004,25,1,800,0.4604141,1.151697
1022,30661.99,432.4425,25,1,800,0.4478018,0.668589
1023,30691.99,432.4837,25,1,800,0.489716,1.446637
1024,30721.99,432.526,25,1,800,0.4884695,0.9089724
1025,30751.99,432.5679,25,1,800,0.4921952,0.7867715
1026,30781.99,432.6093,25,1,800,0.4918447,0.8284779
1027,30811.99,432.6515,25,1,800,0.455579,0.5823747
1028,30841.99,432.6929,25,1,800,0.4842551,1.026976
1029,30871.99,432.7348,25,1,800,0.4878555,1.133394
1030,30901.99,432.7772,25,1,800,0.4455926,0.7090042
1031,30931.99,432.8187,25,1,800,0.494781,0.9738546
1032,30961.99,432.8599,25,1,800,0.4775679,0.8229844
1033,30991.99,432.9018,25,1,800,0.4961625,0.9713672
1034,31021.99,432.9436,25,1,800,0.4869069,1.23876
1035,31051.99,432.985,25,1,800,0.4459039,0.6042063
1036,31081.99,433.0258,25,1,800,0.4671207,0.8913238
1037,31111.99,433.0675,25,1,800,0.4865013,0.8701345
1038,31141.99,433.1088,25,1,800,0.4971432,0.6240433
1039,31171.99,433.1504,25,1,800,0.4735458,0.5421768
1040,31201.99,433.1926,25,1,800,0.4800155,1.194065
1041,31231.99,433.2344,25,1,800,0.4907547,0.9268846
1042,31261.99,433.2753,25,1,800,0.4860258,0.7870814
1043,31291.99,433.3169,25,1,800,0.468814,0.9559461
1044,31321.99,433.3584,25,1,800,0.4862096,0.5292714
1045,31351.99,433.3998,25,1,800,0.4910231,0.6768567
1046,31381.99,433.4417,25,1,800,0.4872074,1.051462
1047,31411.99,433.4828,25,1,800,0.4358552,0.9753581
1048,31441.99,433.5243,25,1,800,0.4861393,0.5789287
1049,31471.99,433.5659,25,1,800,0.4707436,0.9564098
1050,31501.99,433.6075,25,1,800,0.4708483,0.7123705
1051,31531.99,433.649,25,1,800,0.4856071,0.7125773
1052,31561.99,433.6904,25,1,800,0.479929,0.8352504
1053,31591.99,433.7318,25,1,800,0.4979959,1.36007
1054,31621.99,433.7731,25,1,800,0.481706,0.6668072
1055,31651.99,433.8144,25,1,800,0.4928705,0.6969551
1056,31681.99,433.8563,25,1,800,0.479769,1.100278
1057,31711.99,433.8975,25,1,800,0.4952186,0.7341089
1058,31741.99,433.9393,25,1,800,0.4978075,0.9356041
1059,31771.99,433.9813,25,1,800,0.4506311,1.222334
1060,31801.99,434.0226,25,1,800,0.4839233,0.6857678
1061,31831.99,434.0645,25,1,800,0.4143539,0.5218942
1062,31861.99,434.1062,25,1,800,0.4816408,0.7851183
1063,31891.99,434.1479,25,1,800,0.4670995,1.164479
1064,31921.99,434.1893,25,1,800,0.4853419,1.01966
1065,31951.99,434.2304,25,1,800,0.4938965,0.6926547
1066,31981.99,434.2722,25,1,800,0.4618467,0.9789135
1067,32011.99,434.3137,25,1,800,0.4868095,0.698678
1068,32041.99,434.3546,25,1,800,0.4655161,1.167437
1069,32071.99,434.3957,25,1,800,0.4838917,0.985719
1070,32101.99,434.4362,25,1,800,0.4971594,0.5899781
1071,32131.99,434.4792,25,1,800,0.459355,0.9265442
1072,32161.99,434.5211,25,1,800,0.4836362,0.7258209
1073,32191.99,434.5631,25,1,800,0.4969324,1.01981
1074,32221.99,434.6042,25,1,800,0.483301,0.7613209
1075,32251.99,434.6457,25,1,800,0.460462,1.192522
1076,32281.99,434.6867,25,1,800,0.4811901,0.524686
1077,32311.99,434.7287,25,1,800,0.4813257,1.093001
1078,32341.99,434.7693,25,1,800,0.4711145,0.7046835
1079,32371.99,434.8105,25,1,800,0.4763316,1.121595
1080,32401.99,434.8515,25,1,800,0.47381,0.9641877
1081,32431.99,434.8934,25,1,800,0.4871655,0.9445479
1082,32461.99,434.9347,25,1,800,0.464449,0.9184226
1083,32491.99,434.9765,25,1,800,0.4607872,1.010352
1084,32521.99,435.0181,25,1,800,0.4978586,1.00592
1085,32551.99,435.0601,25,1,800,0.4884335,0.9981806
1086,32581.99,435.1006,25,1,800,0.4693454,1.13537
1087,32611.99,435.1423,25,1,800,0.4674157,0.7106356
1088,32641.99,435.1841,25,1,800,0.490279,0.7986965
1089,32671.99,435.2262,25,1,800,0.4856749,0.7036018
1090,32701.99,435.2683,25,1,800,0.4619343,0.7980748
1091,32731.99,435.3097,25,1,800,0.4983919,0.6467404
1092,32761.99,435.351,25,1,800,0.4917492,0.6797114
1093,32791.99,435.3924,25,1,800,0.4942814,1.203289
1094,32821.99,435.4343,25,1,800,0.4822477,1.006919
1095,32851.99,435.4764,25,1,800,0.4991261,1.114364
1096,32881.99,435.5186,25,1,800,0.4943494,1.236201
1097,32911.99,435.5607,25,1,800,0.4570562,0.735082
1098,32941.99,435.6017,25,1,800,0.4798876,0.7554829
1099,32971.99,435.6433,25,1,800,0.4804575,0.7104533
1100,33001.99,435.6845,25,1,800,0.4642323,0.800954
1101,33031.99,435.7258,25,1,800,0.4650916,0.9492599
1102,33061.99,435.7681,25,1,800,0.4757032,0.5818772
1103,33091.99,435.8094,25,1,800,0.4937069,1.018057
1104,33121.99,435.8511,25,1,800,0.4964435,1.127321
1105,33151.99,435.8925,25,1,800,0.479216,0.8370169
1106,33181.99,435.9342,25,1,800,0.4825965,0.7152476
1107,33211.99,435.9758,25,1,800,0.4717982,1.292467
1108,33241.99,436.0175,25,1,800,0.4941399,1.105482
1109,33271.99,436.0594,25,1,800,0.4818419,1.259751
1110,33301.99,436.1001,25,1,800,0.4890999,1.065412
1111,33331.99,436.1414,25,1,800,0.492043,0.9085495
1112,33361.99,436.1827,25,1,800,0.4965372,0.6883569
1113,33391.99,436.2244,25,1,800,0.4720389,0.6226212
1114,33421.99,436.2665,25,1,800,0.488416,0.6641473
1115,33451.99,436.3081,25,1,800,0.479048,0.6252679
1116,33481.99,436.3497,25,1,800,0.4548545,0.7195196
1117,33511.99,436.3907,25,1,800,0.4884413,1.18206
1118,33541.99,436.4323,25,1,800,0.493153,0.7162106
1119,33571.99,436.4734,25,1,800,0.4781466,1.256976
1120,33601.99,436.5151,25,1,800,0.469391,0.8530554
1121,33631.99,436.5559,25,1,800,0.4389161,0.6173676
1122,33661.99,436.5976,25,1,800,0.4642215,0.8808573
1123,33691.99,436.639,25,1,800,0.4795652,0.9625064
1124,33721.99,436.6808,25,1,800,0.4782347,0.6158252
1125,33751.99,436.7228,25,1,800,0.4670795,0.5530059
1126,33781.99,436.7634,25,1,800,0.4849569,0.914884
1127,33811.99,436.8051,25,1,800,0.4750648,1.258594
1128,33841.99,436.8459,25,1,800,0.4632961,1.028122
1129,33871.99,436.8871,25,1,800,0.4815881,0.6113004
1130,33901.99,436.9287,25,1,800,0.4952773,0.984557
1131,33931.99,436.9708,25,1,800,0.4391503,1.206623
1132,33961.99,437.0126,25,1,800,0.4951336,0.7200375
1133,33991.99,437.0539,25,1,800,0.4810133,1.251511
1134,34021.99,437.0951,25,1,800,0.4698392,0.9050023
1135,34051.99,437.1356,25,1,800,0.476147,1.037403
1136,34081.99,437.1772,25,1,800,0.4865156,0.7169628
1137,34111.99,437.2184,25,1,800,0.4980049,0.575707
1138,34141.99,437.2601,25,1,800,0.470264,0.9798853
1139,34171.99,437.3021,25,1,800,0.4809819,0.6456528
1140,34201.99,437.3434,25,1,800,0.4763065,0.6086605
1141,34231.99,437.3847,25,1,800,0.4908495,0.846537
1142,34261.99,437.4267,25,1,800,0.4880509,0.7113527
1143,34291.99,437.4692,25,1,800,0.4904487,1.012002
1144,34321.99,437.5106,25,1,800,0.484219,1.345423
1145,34351.99,437.5524,25,1,800,0.4828252,0.8821135
1146,34381.99,437.5945,25,1,800,0.4208099,1.288049
1147,34411.99,437.6359,25,1,800,0.4907725,0.9144129
1148,34441.99,437.6774,25,1,800,0.4952981,1.15774
1149,34471.99,437.7187,25,1,800,0.480425,1.114984
1150,34501.99,437.76,25,1,800,0.4153815,0.6381922
1151,34531.99,437.8011,25,1,800,0.4873913,1.075385
1152,34561.99,437.8426,25,1,800,0.4738966,0.6189809
1153,34591.99,437.8836,25,1,800,0.4700335,0.9482739
1154,34621.99,437.9245,25,1,800,0.4668282,0.8597625
1155,34651.99,437.9667,25,1,800,0.4960212,0.8197051
1156,34681.99,438.0082,25,1,800,0.4679342,1.282164
1157,34711.99,438.0497,25,1,800,0.4889322,1.108876
1158,34741.99,438.0917,25,1,800,0.4864648,0.934435
1159,34771.99,438.1325,25,1,800,0.4925427,1.030664
1160,34801.99,438.1741,25,1,800,0.4929339,0.6116019
1161,34831.99,438.2159,25,1,800,0.4838655,0.8808553
1162,34861.99,438.2575,25,1,800,0.4935463,0.7317477
1163,34891.99,438.2992,25,1,800,0.4695282,1.075382
1164,34921.99,438.3404,25,1,800,0.4782433,0.9950869
1165,34951.99,438.382,25,1,800,0.4938141,0.8165514
1166,34981.99,438.4234,25,1,800,0.4868879,0.9794674
1167,35011.99,438.4646,25,1,800,0.4748024,0.7595599
1168,35041.99,438.5065,25,1,800,0.4700289,1.193015
1169,35071.99,438.5473,25,1,800,0.4714552,1.162179
1170,35101.99,438.5881,25,1,800,0.484098,0.9875486
1171,35131.99,438.6303,25,1,800,0.4636495,1.089831
1172,35161.99,438.6713,25,1,800,0.4815167,1.020132
1173,35191.99,438.7133,25,1,800,0.4727412,0.494548
1174,35221.99,438.7545,25,1,800,0.4927731,1.179918
1175,35251.99,438.7967,25,1,800,0.4885963,0.7698945
1176,35281.99,438.8381,25,1,800,0.4978296,1.143984
1177,35311.99,438.8793,25,1,800,0.4629049,0.8653272
1178,35341.99,438.9212,25,1,800,0.4915434,1.231658
1179,35371.99,438.9631,25,1,800,0.4846704,1.20559
1180,35401.99,439.005,25,1,800,0.4852223,1.142074
1181,35431.99,439.0468,25,1,800,0.4872117,0.8962073
1182,35461.99,439.0883,25,1,800,0.4957962,0.9297728
1183,35491.99,439.1297,25,1,800,0.4786614,0.4856919
1184,35521.99,439.1711,25,1,800,0.4885987,1.083147
1185,35551.99,439.213,25,1,800,0.4573814,1.375462
1186,35581.99,439.2542,25,1,800,0.4462084,0.952543
1187,35611.99,439.2959,25,1,800,0.4259893,1.107075
1188,35641.99,439.338,25,1,800,0.4123106,1.145522
1189,35671.99,439.3789,25,1,800,0.4805121,1.053965
1190,35701.99,439.4203,25,1,800,0.460835,0.6318589
1191,35731.99,439.4615,25,1,800,0.4943273,0.5669959
1192,35761.99,439.5026,25,1,800,0.475909,0.8673856
1193,35791.99,439.5438,25,1,800,0.4594261,1.04039
1194,35821.99,439.5854,25,1,800,0.4677204,1.229303
1195,35851.99,439.6266,25,1,800,0.486751,0.6779468
1196,35881.99,439.6681,25,1,800,0.4949453,0.5096539
1197,35911.99,439.7094,25,1,800,0.4932671,0.824626
1198,35941.99,439.7509,25,1,800,0.4992782,1.100416
1199,35971.99,439.7925,25,1,800,0.475164,0.7454224
1200,36001.99,439.8343,25,1,800,0.4159895,0.874175
1201,36031.99,439.8759,25,1,800,0.4909684,1.190691
1202,36061.99,439.9178,25,1,800,0.4862238,0.5900614
1203,36091.99,439.9591,25,1,800,0.4798212,1.329133
1204,36121.99,440.0002,25,1,800,0.4649892,0.695806
1205,36151.99,440.0415,25,1,800,0.4518898,0.9635628
1206,36181.99,440.0831,25,1,800,0.4942969,0.6888011
1207,36211.99,440.125,25,1,800,0.4866358,0.7126061
1208,36241.99,440.167,25,1,800,0.4555625,1.077186
1209,36271.99,440.2081,25,1,800,0.484212,0.820308
1210,36301.99,440.2496,25,1,800,0.4998834,0.9997434
1211,36331.99,440.2909,25,1,800,0.4768699,1.165914
1212,36361.99,440.3324,25,1,800,0.4739972,0.6526434
1213,36391.99,440.3744,25,1,800,0.4948186,0.8788171
1214,36421.99,440.4159,25,1,800,0.4682861,0.677236
1215,36451.99,440.4569,25,1,800,0.4978815,0.8277273
1216,36481.99,440.4991,25,1,800,0.4944931,0.8989941
1217,36511.99,440.5408,25,1,800,0.4858288,0.8584838
1218,36541.99,440.5829,25,1,800,0.4872468,1.04583
1219,36571.99,440.6249,25,1,800,0.4482975,0.9251202
1220,36601.99,440.6669,25,1,800,0.4912252,0.7940004
1221,36631.99,440.7085,25,1,800,0.4904718,1.124121
1222,36661.99,440.7502,25,1,800,0.4889074,1.060762
1223,36691.99,440.7917,25,1,800,0.480091,0.7954159
1224,36721.99,440.8329,25,1,800,0.446305,0.9090313
1225,36751.99,440.8744,25,1,800,0.4809678,1.143474
1226,36781.99,440.9161,25,1,800,0.4919744,0.8422601
1227,36811.99,440.9574,25,1,800,0.4619779,0.9204352
1228,36841.99,440.9986,25,1,800,0.4692604,0.5437008
1229,36871.99,441.0407,25,1,800,0.4824404,1.187614
1230,36901.99,441.0823,25,1,800,0.4773456,0.9190835
1231,36931.99,441.124,25,1,800,0.4863505,1.049579
1232,36961.99,441.1658,25,1,800,0.4893667,1.128537
1233,36991.99,441.2075,25,1,800,0.4907227,1.072421
1234,37021.99,441.2493,25,1,800,0.4982303,0.6179667
1235,37051.99,441.2909,25,1,800,0.4564847,1.056739
1236,37081.99,441.3323,25,1,800,0.4968311,0.6419184
1237,37111.99,441.3738,25,1,800,0.4848554,0.9356825
1238,37141.99,441.4156,25,1,800,0.4629111,1.558756
1239,37171.99,441.4571,25,1,800,0.4706342,0.8614244
1240,37201.99,441.4989,25,1,800,0.49079,0.7048918
1241,37231.99,441.5403,25,1,800,0.4700797,0.5412628
1242,37261.99,441.5818,25,1,800,0.4580411,0.7107064
1243,37291.99,441.6233,25,1,800,0.4733271,0.651046
1244,37321.99,441.665,25,1,800,0.4744771,0.6831306
1245,37351.99,441.7069,25,1,800,0.4887041,1.128316
1246,37381.99,441.7485,25,1,800,0.4820184,1.004324
1247,37411.99,441.7907,25,1,800,0.4712757,0.9758251
1248,37441.99,441.8322,25,1,800,0.4885432,0.897592
1249,37471.99,441.8736,25,1,800,0.47783,0.8611763
1250,37501.99,441.9151,25,1,800,0.4713527,0.7908246
1251,37531.99,441.9569,25,1,800,0.4669205,1.032491
1252,37561.99,441.9981,25,1,800,0.4857124,0.5963645
1253,37591.99,442.0397,25,1,800,0.490328,0.9198463
1254,37621.99,442.0814,25,1,800,0.4956411,0.9637792
1255,37651.99,442.1237,25,1,800,0.4744471,1.065647
1256,37681.99,442.1653,25,1,800,0.4693092,0.7654593
1257,37711.99,442.2061,25,1,800,0.4945327,1.078264
1258,37741.99,442.2481,25,1,800,0.4823638,0.5988622
1259,37771.99,442.2895,25,1,800,0.4863364,0.7251863
1260,37801.99,442.3299,25,1,800,0.4961976,0.8328001
1261,37831.99,442.3716,25,1,800,0.4629685,1.16988
1262,37861.99,442.4132,25,1,800,0.4831786,0.5897304
1263,37891.99,442.4547,25,1,800,0.4932991,1.003
1264,37921.99,442.4964,25,1,800,0.4787144,1.151642
1265,37951.99,442.5378,25,1,800,0.4804659,0.6081527
1266,37981.99,442.5797,25,1,800,0.4564423,0.9211891
1267,38011.99,442.6213,25,1,800,0.4952993,0.7606125
1268,38041.99,442.6632,25,1,800,0.494953,0.6066048
1269,38071.99,442.7048,25,1,800,0.4947311,0.705861
1270,38101.99,442.7464,25,1,800,0.491777,0.5932281
1271,38131.99,442.7885,25,1,800,0.494322,0.6964713
1272,38161.99,442.83,25,1,800,0.4698744,1.074669
1273,38191.99,442.8716,25,1,800,0.4719371,1.13296
1274,38221.99,442.9134,25,1,800,0.4481312,0.9301145
1275,38251.99,442.9549,25,1,800,0.4931361,1.0635
1276,38281.99,442.9962,25,1,800,0.4829693,0.6596714
1277,38311.99,443.0379,25,1,800,0.4966947,0.722332
1278,38341.99,443.0797,25,1,800,0.4827702,0.7665626
